body,author_fullname,author.name,controversiality,created,downs,fullname,id,is_root,link_author,link_id,link_permalink,link_title,permalink,score,subreddit_name_prefixed,total_awards_received,ups
"had me in the first half, ngl",t2_1rxb37cn,oldDotredditisbetter,0,1647272921.0,0,t1_i0mnnzf,i0mnnzf,False,DeanCarol,t3_tdimto,https://www.reddit.com/r/SeattleWA/comments/tdimto/video_of_woman_brutally_attacked_in_seattle_for/,Video of woman brutally attacked in Seattle for no reason. Suspect is homeless man with at least 22 prior convictions.,/r/SeattleWA/comments/tdimto/video_of_woman_brutally_attacked_in_seattle_for/i0mnnzf/,1,r/SeattleWA,0,1
That would stop them.,t2_3xoctdg1,Traditional_Specific,0,1647272879.0,0,t1_i0mnk61,i0mnk61,False,Accomplished_Egg1707,t3_tdq4r2,https://www.reddit.com/r/SeattleWA/comments/tdq4r2/package_thief_from_previous_post_also_caught_on/,Package Thief From Previous Post Also Caught On Camera Stealing Catalytic Converters,/r/SeattleWA/comments/tdq4r2/package_thief_from_previous_post_also_caught_on/i0mnk61/,1,r/SeattleWA,0,1
They give free needles out? Ugh,t2_8mj5lnpu,Dependent_Ad_3014,0,1647272803.0,0,t1_i0mndic,i0mndic,True,Specific-Break-2650,t3_tdtoie,https://www.reddit.com/r/SeattleWA/comments/tdtoie/notes_from_a_recovering_junkieaddict/,Notes from a recovering junkie/addict,/r/SeattleWA/comments/tdtoie/notes_from_a_recovering_junkieaddict/i0mndic/,1,r/SeattleWA,0,1
"Ok, not to gloss over how this man should be punished severely, but what the fuck? Those 2 men on the escalator saw what was going on and did nothing",t2_16vwrx,Mzl77,0,1647272733.0,0,t1_i0mn7aa,i0mn7aa,True,DeanCarol,t3_tdimto,https://www.reddit.com/r/SeattleWA/comments/tdimto/video_of_woman_brutally_attacked_in_seattle_for/,Video of woman brutally attacked in Seattle for no reason. Suspect is homeless man with at least 22 prior convictions.,/r/SeattleWA/comments/tdimto/video_of_woman_brutally_attacked_in_seattle_for/i0mn7aa/,1,r/SeattleWA,0,1
"Let's hope we don't go the way of India. I was in New Deli in 1976 on business. Imaging out homeless numbers time 100 or 1000. All living and dyeing  on the streets just like here.  Compound that with the odd scene of cows wandering around with staving people everywhere. 

In the words of Bob Dylan ""It's not dark yet but it's getting close.""",t2_7p51gcsn,Affectionate-Winner7,0,1647272680.0,0,t1_i0mn2ka,i0mn2ka,False,DeanCarol,t3_tdimto,https://www.reddit.com/r/SeattleWA/comments/tdimto/video_of_woman_brutally_attacked_in_seattle_for/,Video of woman brutally attacked in Seattle for no reason. Suspect is homeless man with at least 22 prior convictions.,/r/SeattleWA/comments/tdimto/video_of_woman_brutally_attacked_in_seattle_for/i0mn2ka/,1,r/SeattleWA,0,1
">Tisha Marie of LegallyBLACK points to a lack of accountability for both criminals and law enforcement.

""LegallyBLACK's"" website doesn't contain the words ""gang,"" ""gangs,"" or ""guns.""  But law enforcement is the problem.",t2_3cwp4boj,unnaturalfool,0,1647272662.0,0,t1_i0mn0x2,i0mn0x2,True,OnlineMemeArmy,t3_tdz3ke,https://www.reddit.com/r/SeattleWA/comments/tdz3ke/pierce_county_deputies_involved_in_4_shootings/,Pierce County deputies involved in 4 shootings since beginning of the year,/r/SeattleWA/comments/tdz3ke/pierce_county_deputies_involved_in_4_shootings/i0mn0x2/,1,r/SeattleWA,0,1
Things I do not intend to do - drive 25 on Aurora. Also things I do not intend to do - drive while high on Aurora. Problem solved!,t2_yfljc,Glaciersrcool,0,1647272329.0,0,t1_i0mm7n8,i0mm7n8,False,unnaturalfool,t3_tdwo45,https://www.reddit.com/r/SeattleWA/comments/tdwo45/flush_with_state_dollars_seattles_aurora_redesign/,"Flush with state dollars, Seattle's Aurora redesign emerges: potentially lower speeds, more bike paths",/r/SeattleWA/comments/tdwo45/flush_with_state_dollars_seattles_aurora_redesign/i0mm7n8/,1,r/SeattleWA,0,1
"The fault for the conflation of the two terms lies with the homeless industrial grifters like LIHI.  No sane person wants to give handouts to junkie vagrants.  So the grifters called them ""homeless"" to appeal to people's better nature.  If people now use the term 'homeless' and 'junkie vagrant' interchangeably, it is to be expected, I guess.",t2_7pg2s7ie,OsvuldMandius,0,1647272180.0,0,t1_i0mluqf,i0mluqf,False,baggiecurls,t3_tdo00g,https://www.reddit.com/r/SeattleWA/comments/tdo00g/pioneer_square_completely_cleared/,Pioneer square completely cleared,/r/SeattleWA/comments/tdo00g/pioneer_square_completely_cleared/i0mluqf/,1,r/SeattleWA,0,1
"Step 1: Clear homeless camp
Step 2: Provide nowhere for them to go
Step 3: See relocated homeless camp 

4: Repeat forever

Can we get an actual solution maybe?",t2_3anh19w2,philokaii,0,1647272140.0,0,t1_i0mlr5o,i0mlr5o,True,PoppinBlackheads,t3_td7db9,https://www.reddit.com/r/SeattleWA/comments/td7db9/eastlake_avenue_weve_had_hobos_here_and_there_but/,Eastlake Avenue - We've had hobos here and there but this is a first,/r/SeattleWA/comments/td7db9/eastlake_avenue_weve_had_hobos_here_and_there_but/i0mlr5o/,1,r/SeattleWA,0,1
"Every one of your factors scream: ""Stay in Redmond.""",t2_3cwp4boj,unnaturalfool,0,1647272088.0,0,t1_i0mlml0,i0mlml0,True,CuriousSS-_-,t3_tdzmuo,https://www.reddit.com/r/SeattleWA/comments/tdzmuo/seattle_housing_suggestions/,Seattle Housing Suggestions,/r/SeattleWA/comments/tdzmuo/seattle_housing_suggestions/i0mlml0/,1,r/SeattleWA,0,1
Or a PAPR,t2_2ehvd3fi,non-member,0,1647272068.0,0,t1_i0mlkuo,i0mlkuo,False,lumberjackalopes,t3_tcvy47,https://www.reddit.com/r/SeattleWA/comments/tcvy47/mixed_reactions_greet_new_phase_of_covid_pandemic/,Mixed reactions greet new phase of COVID pandemic in Seattle as mask mandate lifts,/r/SeattleWA/comments/tcvy47/mixed_reactions_greet_new_phase_of_covid_pandemic/i0mlkuo/,1,r/SeattleWA,0,1
"Agree with other commenter, stay in Redmond/Bellevue/Kirkland. You can get to the city easily when you want. And avoid all the problems you listed here.",t2_5w3yvmch,newredditacctj1,0,1647272041.0,0,t1_i0mliig,i0mliig,True,CuriousSS-_-,t3_tdzmuo,https://www.reddit.com/r/SeattleWA/comments/tdzmuo/seattle_housing_suggestions/,Seattle Housing Suggestions,/r/SeattleWA/comments/tdzmuo/seattle_housing_suggestions/i0mliig/,1,r/SeattleWA,0,1
"[Here](https://seattle.craigslist.org/search/apa?query=lower+queen+anne&hasPic=1&max_price=1700&min_bedrooms=1&max_bedrooms=1&availabilityMode=0&sale_date=all+dates) are some options in LQA.

But with the commute back and forth to Redmond you'll be stuck in Mercer traffic every day, which sucks and will only get worse. And you'll need parking. And a car. 

My thinking is that nothing is worth commuting for. Live where you work, or work where you live.",t2_v98g8,speak_data_to_power,0,1647272034.0,0,t1_i0mlhwz,i0mlhwz,True,CuriousSS-_-,t3_tdzmuo,https://www.reddit.com/r/SeattleWA/comments/tdzmuo/seattle_housing_suggestions/,Seattle Housing Suggestions,/r/SeattleWA/comments/tdzmuo/seattle_housing_suggestions/i0mlhwz/,1,r/SeattleWA,0,1
"nowhere is safe, ever",t2_fng90,fatmoonkins,0,1647272023.0,0,t1_i0mlgx5,i0mlgx5,True,darkmyroast,t3_tdmq9b,https://www.reddit.com/r/SeattleWA/comments/tdmq9b/is_belltown_safe_these_days/,Is Belltown safe these days?,/r/SeattleWA/comments/tdmq9b/is_belltown_safe_these_days/i0mlgx5/,1,r/SeattleWA,0,1
Is this the real life? Is this the fantasy ...,t2_12ibyv,mavewrick,0,1647271933.0,0,t1_i0ml94r,i0ml94r,True,baggiecurls,t3_tdo00g,https://www.reddit.com/r/SeattleWA/comments/tdo00g/pioneer_square_completely_cleared/,Pioneer square completely cleared,/r/SeattleWA/comments/tdo00g/pioneer_square_completely_cleared/i0ml94r/,1,r/SeattleWA,0,1
